tweetId,tweetText,tweetSentiment
1623182547373985793,üéØ https://t.co/jL5fjQxTcz,negative
1623152067547394050,"Master Plan 3, the path to a fully sustainable energy future for Earth will be presented on March 1. 

The future i‚Ä¶ https://t.co/z3DtN5OKRl",positive
1623125279773446145,.,"that was an amazing movie!

positive"
1623014136258117633,"Going forward, Twitter will be broadly accepting of different values, rather than trying to impose its own specific values on the world",".

positive"
1622828957878943745,I feel this one https://t.co/MIzDvpIoWj,neutral
1622825979021492229,https://t.co/tiPbKP8B77,neutral
1622814050240569344,Actual base level of Maslow‚Äôs hierarchy is lack of wifi,neutral
1622773181013696512,rtfm https://t.co/7VIZPwxawd,neutral
1622758195268669442,It‚Äôs not supposed to be real https://t.co/DpVxOSqJ4M,neutral
1622739987031552002,"The worst offender in US government censorship &amp; media manipulation is an obscure agency called GEC
https://t.co/z6h5975anw",negative
1622668136834113563,"Hopefully, Starship this year https://t.co/bZalGf1JpB",positive
1622627861013180417,üòÖ https://t.co/Z1Rxi68xOq,negative
1622307425226313729,Disponibile in Italia! https://t.co/Q1VvqV58aK https://t.co/CbTQCMg7oT,positive
1621997242268766212,420,"is a great number

positive"
1621996414124310528,Actually happened to me https://t.co/TEkak5BcFZ,neutral
1621991249254223878,Ordered ‚ÄúHow to Scam‚Äù book months ago but still not arrived. Starting to think it could be ‚Ä¶ but no I‚Äôm sure it‚Äôs coming soon.,neutral
1621653950947799042,"Thank goodness, the wisdom of the people has prevailed!

I am deeply appreciative of the jury‚Äôs unanimous finding o‚Ä¶ https://t.co/fegi6b41Md",positive
1621544497388875777,"Starting today, Twitter will share ad revenue with creators for ads that appear in their reply threads",neutral
1621187697980375040,Congrats Falcon &amp; Starlink teams! https://t.co/J5s7zLqRDf,positive
1621184354566406144,"In turbulent economic times, be wary of using margin loans to buy stock",".

neutral"
1620664851663319042,Made my account private until tomorrow morning to test whether you see my private tweets more than my public ones,".
neutral"
1620520467722539008,Another batch of Starlinks in orbit. These will mostly support high latitude connectivity. https://t.co/bjuLLuQtLT,neutral
1620516627254231040,"Wind &amp; solar, combined with batteries, will solve sustainable energy for Earth https://t.co/sfsfyoFY6L",positive
1620498352214532096,What the Tesla Giga Nevada factory will look like when finished. https://t.co/0O5U8jRerQ,neutral
1620497021416398850,"Good meeting with @ThierryBreton regarding EU DSA. The goals of transparency, accountability &amp; accuracy of informat‚Ä¶ https://t.co/7UB0GVCrS7",positive
1620254052746690560,Just leaving the engine bay of Starship https://t.co/JTnFfNaymh,neutral
1619899152019906562,https://t.co/zXeDTL7LFm,positive
1619773318915313664,Œ©,"mega is an amazing company

positive"
1619770090530181120,https://t.co/uKeN3Ej1g4 https://t.co/b75ucHAn1w,positive
1619768849146187776,Disingenuous response from Hamilton 68 regarding their fake claims of Russian interference https://t.co/RZc3j3jJql,negative
1619494703736717317,https://t.co/FQWmkUM8yB,negative
1619419638873595905,Another major improvement in timeline refresh speed just released ‚Äì now 10X faster than a few months ago,positive
1619145539802796033,"I work all day, then go home &amp; play work simulator",neutral
1619069893344903172,Nothing conveys gravitas better than being called Mr. Tweet üê•,neutral
1619066176113606656,So then why do call yourself ‚ÄúThe‚Äù Associated Press üòÇ https://t.co/DPdQYjXfdO,neutral
1619059852210503680,An American group made false claims about Russian election interference to interfere with American elections https://t.co/Bpej1UOlOw,negative
1619037727307202560,Shame on @MSNBC for misleading the public! https://t.co/16VEGTjXnH,negative
1618826074724634625,Twitter is the PvP of social media,neutral
1618747157963735040,Just met with @SpeakerMcCarthy &amp; @RepJeffries to discuss ensuring that this platform is fair to both parties,".

neutral"
1618444845701562370,Congrats Tesla California factory team on all-time record production! https://t.co/1aF53hgWgM,positive
1618371072486936578,"Changed my name to Mr. Tweet, now Twitter won‚Äôt let me change it back ü§£",humorous.
1618323939557806080,Starship fully loaded with cryogenic propellant https://t.co/GbyEshomft,neutral
1618197615715450881,"1/2 a üêù
philosophically
must ipso facto 
1/2 not üêù",neutral.
1618196880479092742,üêù all u canüêù,neutral
1616930908115984384,ü§ó https://t.co/9q0ZOUa1ZY,positive
1616853475220156417,Ads are too frequent on Twitter and too big. Taking steps to address both in coming weeks.,neutral
1616724195035197440,Je me souviens Pluto ü•π,neutral
1616594332907372544,"Next Twitter update will remember whether you were on For You (ie recommended), Following or list you made &amp; stop s‚Ä¶ https://t.co/ipKnrtEKGW",positive
1616590989145313283,"In coming months, Twitter will translate &amp; recommend amazing tweets from people in other countries &amp; cultures",positive
1616577133945688065,"Exactly! If companies post interesting or entertaining content, they will gain an audience rapidly. https://t.co/0leAmqueHM",positive
1616533691156819968,"Major Twitter improvement we just released is that you can now bookmark tweets from tweet details page.

Importantl‚Ä¶ https://t.co/kUrm4J8G9r",positive
1616531077790826497,Twitter app update now available on App Store,neutral
1616524886201225217,"Use pinned Lists to improve your Twitter experience!

1. Tap Lists on your profile page.
2. Create list of accounts‚Ä¶ https://t.co/bwPfpsk0uR",positive
1616179085507702785,"Twitter is arguably already the least wrong source of truth on the Internet, but we obviously still have a long way‚Ä¶ https://t.co/NQYLm8Dbms",neutral
1616173610259083264,"Coming soon are notifications if you‚Äôve replied, liked or retweeted something subsequently corrected by community https://t.co/uBSjJxV7Ww",neutral
1616026394240356352,üõ°Ô∏è VE RI TAS üõ°Ô∏è,neutral
1615805981723889665,Great work by Tesla Team! https://t.co/aTu71lNuCl,positive
1615777094281334784,Why did American media go from questioning the State and ‚Äúspeaking truth to power‚Äù to doing their bidding?,negative
1615753259972702208,The World Economic Forum should control the world,"economy
negative"
1615748582145150978,"Media want to control what you know, which is why citizen journalism is essential https://t.co/cVL6C1VZXm",positive
1615406697849442304,"The party is on!! üöÄ üí´ ‚ô•Ô∏è
https://t.co/zoa3qmcXqC",positive
1615398789585731587,"Companies in general are missing the incredible opportunity that Twitter provides to reach customers. 

Just Tweet‚Ä¶ https://t.co/XwnOT3QJeP",neutral
1615397502798409729,The Car Aquatic https://t.co/P7KYF8J8HF,neutral
1615194151737520128,"Trashing accounts that you hate will cause our algorithm to show you more of those accounts, as it is keying off of‚Ä¶ https://t.co/008ZPnmeGM",negative
1614851530016067586,Kudos to the BBC for self-labelling its state affiliation,positive
1614794711449079808,And that‚Äôs how we will land on Mars https://t.co/iSAUrbA0tX,neutral
1614775803644116993,Falcon Heavy Ascends https://t.co/tXZBbuoyRr,positive
1614761844010528770,Instagram makes people depressed &amp; Twitter makes people angry. Which is better?,neutral
1614184244703793152,"Good assessment of our goal
https://t.co/13GpEZlu0Z",positive
1614121055022350336,deamplify means shadowban https://t.co/oCLSupDM3M,neutral
1614105828205760513,I wonder what would have happened in 2009 if the Fed had raised rates instead of lowering them ü§î https://t.co/uDGUqg4GKq,neutral
1613995936585519104,"Twitter will publish tweet recommendation code &amp; make account/tweet status visible no later than next month.

Transparency builds trust.",neutral
1613932601882054658,virtue rises with the sun,positive
1613900363652009992,"Bookmark button moving to tweet details page, fixing image length crop &amp; other minor bug fixes next week",neutral
1613537584231362561,Starship launch attempt soon https://t.co/QBprVsAH7m,neutral
1613249758256328705,Some things that your party tells you are false and some things that the other party says are true,".

neutral"
1612699840571637760,All four orbital launch pads fully loaded with rockets for the first time! https://t.co/EXlB0p5vWN,positive
1612230045493248001,I hope that the people of Brazil are able to resolve matters peacefully,positive
1612213483625668608,(Chart by James Stephenson) https://t.co/rOHfjXGVmU,neutral.
1611932793130438656,"Easy swipe right/left to move between recommended vs followed tweets rolls out later this week.

First part of a mu‚Ä¶ https://t.co/AGiPMijLK9",neutral
1611857881808375808,Plaid is sickkk https://t.co/OxBD8Zv7Xq,neutral
1611768674653982720,Thread on how safe Tesla cars are https://t.co/M3Hf3q4kh3,neutral
1611423667107549184,8 years later &amp; still no laws ‚Ä¶ üò¢ https://t.co/9fjb24XvFG,sadness.
1611146457222086657,"If I dig my grave deep enough, maybe it comes out other side of Earth ü§î",neutral
1611144990348161026,Some habits are hard to break lol.  Maybe I should just get bulletproof shoes ‚Ä¶ https://t.co/8Ve7it6X0T,neutral
1611112185895473163,Ouch my feet!! https://t.co/4pqBY6rZDu,negative
1611035401225113600,Elon Musk should,"be a role model for young entrepreneurs

positive"
1611032877336236032,Sped up trip there &amp; back again https://t.co/h9z4vt7kER,neutral
1610945173466546176,Kevin McCarthy should be Speaker,"of the house

neutral"
1610454795177062401,"12 months ago, I was Person of the Year",neutral
1610434975270342656,Please comment on this matter https://t.co/Oip43FcVo2,neutral
1610421293060599808,"US govt agency demanded suspension of 250k accounts, including journalists &amp; Canadian officials! https://t.co/kcEMMCzF7d",negative
1610416059940495363,https://t.co/dJvUeO2P5t,positive
1610374789759205380,Another episode of The Twitter Files https://t.co/vYpYivK7hv,neutral
1609631955003518977,"Hope you‚Äôre having a great day 1 2023!

One thing‚Äôs for sure, it won‚Äôt be boring.",positive
1609254628113420290,Sometimes it‚Äôs just better to make pizza at home,neutral
1609109899233071104,"Twitter has a bookmark function accessible through share button on tweet. 

To read bookmarks, tap profile icon.

T‚Ä¶ https://t.co/vrEqLL39xn",neutral
1608939190548598784,If you don‚Äôt think there‚Äôs at least a tiny chance you‚Äôre an NPC ‚Ä¶ you‚Äôre an NPC,neutral
1608922473839620096,"New Twitter navigation coming in Jan that allows swiping to side to switch between recommended &amp; followed tweets, t‚Ä¶ https://t.co/1OKh6kQrRZ",neutral
1608828315581976576,https://t.co/v1rrSsdwdg,positive
1608735844478902274,Launch 61 of 2022. Congrats SpaceX! https://t.co/tnTPZqYTd6,positive
1608663342956302337,New Twitter will strive to optimize unregretted user-minutes,neutral
1608324539779551232,Significant backend server architecture changes rolled out. Twitter should feel faster.,neutral
1608188826291167242,https://t.co/RheEuBzGqj,positive
1608175680407191552,"New Twitter policy is to follow the science, which necessarily includes reasoned questioning of the science",neutral
1608145311347707905,They did it! https://t.co/XsHREKx02p,positive
1608118870107209728,Congratulations SpaceX Falcon team on 60 successful launches this year!! https://t.co/2MwHQuS8Ta,positive
1607997591870124032,I‚Äôm not brainwashed!! https://t.co/4kx61uu4yy,neutral
1607996451614822404,https://t.co/d4h33vq9HO,positive
1607869704588099587,Why is corporate journalism rushing to defend the state instead of the people? https://t.co/uqR0MwiqCx,negative
1607850458554449920,"‚ÄúDon‚Äôt be the clown on the clown car!‚Äù

Too late haha",neutral
1607590239874211847,Some nights ‚Ä¶ https://t.co/BLAUsJr4wb,neutral
1607416119496945665,"Much more to The Twitter Files: Covid Editon than this introductory thread.

Follow-up piece to come next week, fea‚Ä¶ https://t.co/LGjNzcdAoo",neutral
1607096125567414272,Merry Christmas &amp; Good Cheer to All! https://t.co/SupTpz4bLY,positive sentiment.
1606617504708976641,Fractal of Rube Goldberg machines ‚Ä¶,"are a marvel

positive"
1606396336592498688,Twitter votes for the right haha https://t.co/hx2nVqGQue,neutral
1606213070354731008,Tweet impression count should,"not be the sole measure of success

neutral"
1606107465174503424,Tweets are read ~100 times more than they are liked,neutral
1605995925339398145,Congratulations Tesla Team!! https://t.co/GMYMtT2SMC,positive
1605962367505813504,"Is this true, @SenatorSinema and @SenatorTester? https://t.co/QF4kn4RkgH",neutral
1605957811162054656,"Twitter is rolling out View Count, so you can see how many times a tweet has been seen! This is normal for video.‚Ä¶ https://t.co/7ZzyG6gcKh",positive
1605738005813084165,"One of many product improvements coming to financial Twitter! 

Nice work by Twitter team. https://t.co/CKLH8OtDDW",positive
1605736689090977794,".@SenSchumer &amp; @LeaderMcConnell, the public has spoken. 

They are overwhelmingly against this giant spending bill. https://t.co/2XTdPT9lQB",neutral
1605712434102030339,Sustainable cars powered by sustainable energy https://t.co/osKPYaspTf,positive
1605369839274831873,"Whether for or against, please let your elected representatives know what you think about this $1.7 trillion spendi‚Ä¶ https://t.co/Q1cP2i8f9s",neutral
1605349852199936000,Should Congress approve the $1.7 trillion omnibus spending bill?,neutral
1605298927104053248,Yikes! https://t.co/Qr0KyPuOYf,negative
1605261864652390401,Newspapers just search the Internet and print it out ‚Äì SJM,neutral
1605247858030317568,"Hear, hear!! https://t.co/LbvnmOGAVy",positive
1605219914813673473,Government paid Twitter millions of dollars to censor info from the public https://t.co/eSEwcZlGjt,negative
1605219196350222339,"Other social media companies too, not just Twitter https://t.co/vH2EnMr9Iw",neutral
1604999237099716609,"Stats on Twitter World Cup
https://t.co/y91SB99eKZ",neutral
1604650028999405568,Those who want power are the ones who least deserve it,".

negative"
1604633369626652672,Elvis is in the building https://t.co/dppDnK1WBt,neutral
1604623424164282368,"As the saying goes, be careful what you wish, as you might get it",".

neutral"
1604617643973124097,Should I step down as head of Twitter? I will abide by the results of this poll.,neutral
1604616863673208832,"Going forward, there will be a vote for major policy changes. My apologies. Won‚Äôt happen again.",neutral
1604537674878042112,"Duel in the Desert.
Couldn‚Äôt ask for a better game. Incredible play by üá¶üá∑ &amp; üá´üá∑ !!!! https://t.co/XUZxjymAx0",neutral
1604531789686530048,3 - 3 WOW!!! https://t.co/asxw78EgPn,positive
1604520708570517504,"24,400 tweets per second for France‚Äôs goal, highest ever for World Cup!",positive
1604520419515662337,"Well done France! üá´üá∑üá´üá∑üá´üá∑
Evenly-matched game!! https://t.co/dH1CPRRno9",positive
1604508220206321667,"Super exciting World Cup!
üá¶üá∑ ahead 2-0 at halftime.
Can üá´üá∑ come back?",positive
1604498679234273286,Great goal by Argentina! üá¶üá∑üá¶üá∑üá¶üá∑ https://t.co/WIs9ocfPcz,positive
1604490162976698368,At World Cup right now https://t.co/CG7zMMxSjE,positive
1604486844867133442,"Follow The World Cup on Twitter!
https://t.co/SaTzwDzBuR",positive
1604342060617695232,Hallelujah!! https://t.co/i2FyvXPIHO,positive
1604325372841136128,True creation eventually becomes independent of its creator. Evolution takes the original product far from its orig‚Ä¶ https://t.co/rS8EOZ1ElI,neutral
1604234568814546945,Congrats to SpaceX Team on 3 perfect orbital launches within 36 hours!!!,positive
1604230165051195394,Live launch video https://t.co/9GtonaQiUw,neutral
1604014026035322880,https://t.co/94I61oMYFs,positive
1603985491505795072,Twitter will start incorporating mute &amp; block signals from Blue Verified (not Legacy Blue) as downvotes,"into the algorithm

neutral"
1603982891179839488,"The people have spoken.

Accounts who doxxed my location will have their suspension lifted now. https://t.co/MFdXbEQFCe",positive
1603902134181068800,Second launch today https://t.co/gUnyyUlZSi,neutral
1603874735917764608,Spaces is back,"with a bang

positive"
1603859750168301569,KABOOM üí•üí•üí•üí•üí• https://t.co/TS3jFZ51VR,positive
1603853851504697344,So inspiring to see the newfound love of freedom of speech by the press ü•∞,positive
1603852159283445760,"Meanwhile, Twitter usage (by real humans) once again reaches all-time highs",neutral
1603847698196492288,Great questions https://t.co/3HueYswz6o,positive
1603804175858429952,"And soon, ladies &amp; gentlemen, the coup de gr√¢ce",neutral
1603659604906213376,Twitter right now is üî•üî•üî•üî•,positive
1603609466301059073,Unsuspend accounts who doxxed my exact location in real-time,negative
1603600001057185792,Unsuspend accounts who doxxed my exact location in real-time,negative
1603576251125362688,I love Barbara Streisand lol,positive
1603181423787380737,"Any account doxxing real-time location info of anyone will be suspended, as it is a physical safety violation. This‚Ä¶ https://t.co/G44HBKjKdR",positive
1602952960039944194,Highly recommended reading https://t.co/EeACKwlr2w,positive
1602881020180586496,"You can play Cyberpunk, Elden Ring and 1000s of other games in your *car* with an epic sound system!! https://t.co/F25Qu6HJ63",positive
1602866614759608320,https://t.co/C943aHZwA1,positive
1602806063606075392,"At risk of stating obvious, beware of debt in turbulent macroeconomic conditions, especially when Fed keeps raising rates",neutral
1602803918790017025,"üá¶üá∑üá¶üá∑ Congrats Argentina!! üá¶üá∑üá¶üá∑
 https://t.co/Ki1Mc4wQub",positive
1602572738669215744,The ratio of digital to biological compute is growing exponentially,neutral
1602472202619654144,Follow üê∞,"to the üåà

neutral"
1602389340763586561,üòõ https://t.co/X8Y1YEuS3C,positive
1602387025855885312,"Under pressure from hundreds of activist employees, Twitter deplatforms Trump, a sitting US President, even though‚Ä¶ https://t.co/OEdUDiDECN",mixed sentiment.
1602307663970213890,The Branch Covidians are upset lol,neutral
1602278477234728960,The woke mind virus is either defeated or nothing else matters,neutral
1602027334751571968,"Calling all ü§ñ&amp; üßå

Please attack me!",neutral
1602003366703296514,Hope you‚Äôre having a lovely Sunday! üòÄ,positive
1601894132573605888,My pronouns are Prosecute/Fauci,neutral
1601885190824943617,Now things get spicy üå∂Ô∏è,positive
1601884478745374720,https://t.co/yhEOieaGER,positive
1601866862505381888,Twitter is speeding up,"its timeline

neutral"
1601861909736607744,Twitter was Wormtongue to the World,negative
1601859370739908608,"Saruman ‚Ä¶ your staff is broken.
https://t.co/JivXLgdejx",negative
1601851685915095040,The bots are in for a surprise tomorrow,neutral
1601812997088763904,Deplatforming the President (cont.) https://t.co/Q51Ala4SNz,neutral
1601668368737906688,https://t.co/80DdvpsNjM,positive
1601667312930590721,Twitter is both a social media company and a crime scene,neutral
1601624795585486848,üá≤üá¶üá≤üá¶ Congrats Morocco!! üá≤üá¶üá≤üá¶,positive
1601395677845544960,"The Twitter Files, Part 3

Deplatforming the President https://t.co/nvdlRNYXxA",neutral
1601298737984249857,"If the Fed raises rates again next week, the recession will be greatly amplified",".

negative"
1601286540944343040,"Good for @SenatorSinema! I hope more of our elected leaders act independently, aka in the interests of the people.",positive
1601124219009409024,Twitter will soon start freeing the name space of 1.5 billion accounts,".

neutral"
1601082637694574592,Congrats on Game of Year! https://t.co/TMyHVbrZKW,positive sentiment.
1601070225906016258,Truth brings reconciliation,"and love

positive"
1601042125130371072,"Twitter is working on a software update that will show your true account status, so you know clearly if you‚Äôve been‚Ä¶ https://t.co/eTkCySLqYw",positive
1601020109807448064,"The Twitter Files, Part Deux!! üçøüçø https://t.co/bH9UiTSEK2",positive
1600902278927380480,X in beautiful San Francisco https://t.co/yM3LiGEpNL,positive
1600788394375753729,Woke v Woke https://t.co/hmhC5eelik,neutral
1600439088560996353,"Oh, you know, keeping busy ‚Ä¶ https://t.co/jgGYovK6jL",neutral
1600319218854940673,"Oh, what a tangled web they weave, when first they practice to ‚Ä¶","deceive

negative"
1599840937298968576,So many interesting posts on Twitter these days!,positive
1599671964582391808,Starship takes beings of Earth to Mars https://t.co/6qaIc3p4yA,neutral
1599382943893319680,"The intelligence of this hive-mind will improve significantly as signal/noise, effective cross-linking of tweets &amp;‚Ä¶ https://t.co/B6jdv5pW9P",neutral
1599325924431798272,Anything anyone says will be used against me in a court of law‚Ä¶ https://t.co/vWhFLyhYUj,negative
1599261195470372866,"The more Twitter improves its signal to noise ratio, the less relevant conventional news becomes",neutral
1599259281584402432,Trees of thought https://t.co/wxeirrmG9E,neutral
1599258460121538560,Great work by Twitter Spaces team! https://t.co/L2mOCvXw5E,positive
1599228101547868160,Pretty wild that you can engage in back-and-forth dialogue with over 100k people live on Twitter Spaces!,positive
1599224347121500160,"I am not expressing an opinion, but did promise to conduct this poll.

Should Assange and Snowden be pardoned?",neutral
1599205091294052352,Just a note to thank advertisers for returning to Twitter,"!

positive"
1599158458615746561,SBF was bad at League. Nuff said.,negative
1598989666812071936,Twitter servers are running at Warp 9!! https://t.co/vtZZeKupC7,positive
1598864377750306816,Tune in for Episode 2 of The Twitter Files tomorrow!,positive
1598825403182874625,Here we go!! üçøüçø https://t.co/eILK9f3bAm,positive
1598778884639653891,What really happened with the Hunter Biden story suppression by Twitter will be published on Twitter at 5pm ET!,neutral
1598770563597606917,"Major Twitter system improvements were implemented this week to drop hammer hard on spam/scam accounts.

Taking jus‚Ä¶ https://t.co/demKjOIKBB",positive
1598765633121898496,"Twitter is now serving almost 90 billion tweet impressions per day!

Just how incredibly alive the system actually‚Ä¶ https://t.co/DwrZLAKOoz",positive
1598752139278532610,"Hate speech impressions (# of times tweet was viewed) continue to decline, despite significant user growth!‚Ä¶ https://t.co/argDYV4hSV",positive
1598718904830132225,"You know Twitter is being fair when extremists on far right and far left are simultaneously upset!

Twitter aims to‚Ä¶ https://t.co/JCHEIFTFwC",neutral
1598548365364498432,FAFO,neutral
1598482808020029441,Tesla Semi Truck launch in 5 mins! https://t.co/jG3s9wuVGb,positive
1598477759730581504,Going live on Twitter in ~20 mins https://t.co/JdeI5ItUw3,neutral
1598420481769512960,"üáØüáµüáØüáµ Congratulations Japan! üáØüáµüáØüáµ
https://t.co/WfqWIJMNGI",positive sentiment.
1598414428525199360,AI is getting really good https://t.co/OwQgDi4wun,neutral
1598381157124837376,"I meet so many people who read twitter every day, but almost never tweet.

If I may beg your indulgence, please add‚Ä¶ https://t.co/1aaxJE9M4u",neutral
1598360883474108417,Lot of people stuck in a damn-that‚Äôs-crazy ChatGPT loop üîÅ,neutral
1598337312446087168,"As a reminder, tap the stars icon on upper right of screen to switch between latest people you follow and recommended tweets",neutral
1598157971384463360,"Twitter is purging a lot of spam/scam accounts right now, so you may see your follower count drop",neutral
1598127347932090370,Exciting Neuralink update in 30 mins! https://t.co/5NYAyjP8mh,positive
1598050795882442752,Thanks @tim_cook for taking me around Apple‚Äôs beautiful HQ https://t.co/xjo4g306gR,positive
1597982424629383168,Update from @Neuralink at 6pm PT,"tonight

neutral"
1597829226572705793,Twitter core services latency reduced by ~400ms. Should feel noticeably faster.,positive
1597735092247736322,A little more progress to Mars https://t.co/TUjECUHaQ3,neutral
1597405399040217088,"This is a battle for the future of civilization. If free speech is lost even in America, tyranny is all that lies ahead.",positive
1597336812732575744,The Twitter Files on free speech suppression soon to be published on Twitter itself. The public deserves to know what really happened ‚Ä¶,neutral
1597301968208556032,Did you know Apple puts a secret 30%  tax on everything you buy through their App Store? https://t.co/LGkPZ4EYcz,negative
1597300125243944961,"Apple has also threatened to withhold Twitter from its App Store, but won‚Äôt tell us why",neutral
1597295832759382016,Apple should publish all censorship actions it has taken that affect its customers,neutral
1597293917707587585,Accurate https://t.co/1PRfh67nWX,neutral
1597291218714906626,Who else has Apple censored? https://t.co/lZculFIkAX,neutral
1597285572699074560,Apple has mostly stopped advertising on Twitter. Do they hate free speech in America?,neutral
1597280496525844481,https://t.co/9LwcH7iUmy,positive
1597183438779342849,https://t.co/r22bMdErLi,negative
1597170780130852864,https://t.co/KZ7jeME3AX,negative
1597165510595989504,My bedside table https://t.co/sIdRYJcLTK,neutral
1597164398543777792,The amount of pro psy ops on Twitter is ridiculous! At least with new Verified they will pay $8 for the privilege haha.,neutral
1597032623020249088,Twitter experienced slight degradation of service today from an old 3rd party tool used to block accounts that had‚Ä¶ https://t.co/r4bkf0azWa,negative
1596942103937921025,"Just a note to encourage people of different political or other views to engage in civil debate on Twitter. 

Worst‚Ä¶ https://t.co/IZSyMYtCD8",neutral
1596718851097755648,Slides from my Twitter company talk https://t.co/8LLXrwylta,neutral
1596716236477698048,"Starry, starry night ‚Ä¶ https://t.co/IN3SeOH7f7",positive
1596704250880720898,"Tesla team just completed a 500 mile drive with a Tesla Semi weighing in at 81,000 lbs!",positive
1596621001693200385,Follow World Cup on Twitter for best real-time coverage! https://t.co/9IfFSHbjl3,positive
1596427779587080195,Simpson‚Äôs predicts I buy Twitter S26E12 https://t.co/yVmWGwrYY6,neutral
1596072934665240576,What do you think of the culture war?,neutral
1595956011210182656,Thanksgiving cuisine is such a delightful symphony of flavor!‚Ä¶ https://t.co/b61TpqqT5s,positive
1595684143429550080,"You might notice small, sometimes major, improvements in speed of Twitter. Will be especially significant in countries far away from USA.",neutral
1595682322707267584,"Tesla Full Self-Driving Beta is now available to anyone in North America who requests it from the car screen, assum‚Ä¶ https://t.co/omKNN1N6b6",positive
1595630109116989440,Hate speech impressions down by 1/3 from pre-spike levels. Congrats to Twitter team! https://t.co/5BWaQoIlip,positive
1595589549924970496,Have a great Thanksgiving! üá∫üá∏‚ô•Ô∏èüá∫üá∏,positive
1595535360863395842,Awesome new Twitter merch! https://t.co/zqdL9xGRuR,positive
1595505413113323520,"World Cup traffic hit almost 20,000 tweets per second today! Great work by Twitter team managing record usage.",positive
1595473875847942146,"Should Twitter offer a general amnesty to suspended accounts, provided that they have not broken the law or engaged in egregious spam?",neutral
1595358165373112320,"More and more over time, as we hew closer to the truth, Twitter will earn the trust of the people","it serves.

positive"
1595339067452841984,What is best in life?,neutral
1595250835096621057,Found in closet at Twitter HQ fr ü§£ü§£ https://t.co/3xSI3KvvHk,humorous.
1595207476936413187,Wasn‚Äôt Twitter supposed to die by now or something ‚Ä¶ ?,neutral
1594962397114023937,"Wait, if I Tweet does that count as work?",neutral
1594866036708462593,The Tactics of Mistake,neutral
1594865247323660290,"Twitter added 1.6M daily active users this past week, another all-time high https://t.co/Si3cRYnvyD",positive
1594861031670820864,"Holding off relaunch of Blue Verified until there is high confidence of stopping impersonation. 

Will probably use‚Ä¶ https://t.co/aAkZU5Aj9F",neutral
1594835418117451776,Starlink now works for high latitudes https://t.co/Ngdh8CJbCJ,neutral
1594828625232113664,Tesla Megapacks are highly effective in addressing electricity demand spikes that cause power outages https://t.co/V4n5c4ZvNH,positive
1594788419120824321,Experience: what you get when you didn‚Äôt get what you wanted - Igor,"stravinsky

neutral"
1594773242626965505,Fanaticism is always a function of repressed doubt ‚Äì Dune,negative
1594757734267764774,"Hope all judgy hall monitors stay on other platforms ‚Äì please, I‚Äôm begging u",negative
1594751560147312641,Twitter is fun üöÄ üí´ ‚ô•Ô∏è,positive
1594509880840388610,Our love will never die https://t.co/y5SldfAAt0,positive
1594500655724609536,And lead us not into temptation ‚Ä¶ https://t.co/8qNOXzwXS9,neutral
1594455929256349697,"World Cup Qatar 2022: Opening Ceremony
https://t.co/TjSSitY7fK",positive
1594339820792430601,World Cup starts soon! Follow on Twitter for best coverage by far.,positive
1594191387519373313,Twitter is ALIVE,"with chatter

positive"
1594131768298315777,"The people have spoken. 

Trump will be reinstated.

Vox Populi, Vox Dei. https://t.co/jmkhFuyfkv",positive
1594078009954570240,The most entertaining outcome is the most likely ‚Äì my variant on Occam‚Äôs Razor,".

positive"
1593958104365993986,Fascinating to watch Twitter Trump poll!,positive
1593901355667582976,Tesla FSD 10.69.3.1 going to wide release now,"!

positive"
1593899029531803649,Just leaving Twitter HQ code review https://t.co/pYcXRTJm14,neutral
1593893237873201152,Trump poll getting ~1M votes/hour!,positive
1593767953706921985,Reinstate former President Trump,neutral
1593727662228283393,First World Cup match on Sunday! Watch on Twitter for best coverage &amp; real-time commentary.,positive
1593673339826212864,"New Twitter policy is freedom of speech, but not freedom of reach.

Negative/hate tweets will be max deboosted &amp; de‚Ä¶ https://t.co/tZoc0Nkr9z",negative
1593670880676020224,Freedom Fridays ‚Ä¶,"because who doesn't love a day off?

positive"
1593659832552153093,What should Twitter do next?,neutral
1593624195136487426,https://t.co/OjhQJvruTy,positive
1593494261038649344,https://t.co/JU073T756X,positive
1593459801966538755,https://t.co/rbwbsLA1ZG,negative
1593459039257563136,üè¥‚Äç‚ò†Ô∏è,neutral
1593455727611215872,And ‚Ä¶ we just hit another all-time high in Twitter usage lol,positive
1593415171149791232,"How do you make a small fortune in social media?

Start out with a large one.",neutral
1593264249731620864,Twitter is like open-sourcing the news,neutral
1593160857588232192,Coverage of FTX meltdown is incomparably faster *and* better quality on Twitter than old-school media,positive
1592658210917609472,Punting relaunch of Blue Verified to November 29th to make sure that it is rock solid,neutral
1592618665933156352,Welcoming back Ligma &amp; Johnson! https://t.co/LEhXV95Njj,neutral
1592447141720780803,Twitter is All the News,"that's fit to tweet

neutral"
1592254111088771072,S√¨√¨! https://t.co/Gj1wHytJxk,positive
1592228299337760768,Recent trend is promising https://t.co/0q7UdxSkbM,positive
1591853644944932865,"Btw, I‚Äôd like to apologize for Twitter being super slow in many countries. App is doing &gt;1000 poorly batched RPCs j‚Ä¶ https://t.co/GBcu3pBTIw",neutral
1591851391773200384,"Rolling out soon, Twitter will enable organizations to identify which other Twitter accounts are actually associated with them",neutral
1591842546216763399,Twitter feels increasingly alive,positive
1591574318022299649,Order at https://t.co/Q1VvqV5G0i! https://t.co/Ehca6KRk3v,positive
1591334141140045824,ü™¶ü§ñ,this is not a valid text and cannot be classified.
1591326005272141826,Twitter is,"so fun!

positive"
1591313397362352130,FTX meltdown/ransack being tracked in real-time on Twitter,neutral
1591121142961799168,"As Twitter pursues the goal of elevating citizen journalism, media elite will try everything to stop that from happening",".

negative"
1591102135613390850,Twitter HQ is great (this is a real pic) https://t.co/EiAXAF0CaE‚Ä¶ https://t.co/EiAXAF0CaE,positive
1590970255064854529,Quite the day!,neutral
1590884973535711232,"Going forward, accounts engaged in parody must include ‚Äúparody‚Äù in their name, not just in bio",neutral
1590785323105423360,Usage of Twitter continues to rise. One thing is for sure: it isn‚Äôt boring!,positive
1590755506112823296,I love when people complain about Twitter ‚Ä¶ on Twitter ü§£ü§£,positive
1590746581426663424,https://t.co/FxdcXa1I7i,neutral
1590612193590259712,Are you seeing far fewer bots/scams/spam?,neutral
1590384919829962752,"Please note that Twitter will do lots of dumb things in coming months. 

We will keep what works &amp; change what doesn‚Äôt.",neutral
1590383937284870145,Complaint hotline operator online! Please mention your complaints below.,neutral
1590004271625691136,"Twitter is the worst!
But also the best.",negative
1589791846737522688,https://t.co/3t5ahItE5z,negative
1589784134691741696,Twitter usage is at an all-time high lol,positive
1589722050998210561,"To be clear, my historical party affiliation has been Independent, with an actual voting history of entirely Democrat until this year",neutral
1589639376186724354,"To independent-minded voters:

Shared power curbs the worst excesses of both parties, therefore I recommend voting‚Ä¶ https://t.co/eoF1ahHtxj",neutral
1589631946644414467,How times have changed https://t.co/gCxUkZ4kZC,neutral
1589609169333948418,"Twitter rules will evolve over time, but they‚Äôre currently the following: https://t.co/Ut1tXuefso",neutral
1589414958508691456,"My commitment to free speech extends even to not banning the account following my plane, even though that is a direct personal safety risk",neutral
1589413653190938624,Twitter needs to become by far the most accurate source of information about the world. That‚Äôs our mission.,positive
1589403131770974208,Widespread verification will democratize journalism &amp; empower the voice of the people,".

positive"
1589390597798125568,"Going forward, any Twitter handles engaging in impersonation without clearly specifying ‚Äúparody‚Äù will be permanently suspended",neutral
1589022495189127169,Search within Twitter reminds me of Infoseek in ‚Äò98! That will also get a lot better pronto.,positive
1589009644114284544,"Twitter will soon add ability to attach long-form text to tweets, ending absurdity of notepad screenshots",positive
1588992081308962816,This rocks https://t.co/sB1sL0Hdrv,positive
1588945917217951746,https://t.co/4UQlClBSct,negative
1588750686006947840,"Trash me all day, but it‚Äôll cost $8",".

negative"
1588739131815112704,‚ö°Ô∏è‚ö°Ô∏è‚ö°Ô∏è Power to the People ‚ö°Ô∏è‚ö°Ô∏è‚ö°Ô∏è,positive
1588671155766194176,"Regarding Twitter‚Äôs reduction in force, unfortunately there is no choice when the company is losing over $4M/day.‚Ä¶ https://t.co/beSHf4nXgF",negative
1588666105023041536,"Again, to be crystal clear, Twitter‚Äôs strong commitment to content moderation remains absolutely unchanged.

In fac‚Ä¶ https://t.co/gSCKbG9v0U",neutral
1588661987701313537,Excellent summary of Twitter‚Äôs Trust &amp; Safety from the head of the team https://t.co/sJ1MBf9Mub,positive
1588538640401018880,"Twitter has had a massive drop in revenue, due to activist groups pressuring advertisers, even though nothing has c‚Ä¶ https://t.co/HU3dBUszCg",negative
1588398244488368128,Tiny talk is talk so small it feels like it‚Äôs coming from your own mind,neutral
1588391903636357122,Why is small talk even legal!?,negative
1588087419059916802,A neuron doesn‚Äôt realize it‚Äôs a neuron,", it‚Äôs just a bunch of proteins connected to other proteins

neutral"
1588081971221053440,"Because it consists of billions of bidirectional interactions per day, Twitter can be thought of as a collective, c‚Ä¶ https://t.co/UORYe5J8vm",neutral
1588060509302972421,üéØ https://t.co/W55sUbxYed,neutral
1587923502354472960,ü§î https://t.co/XuJdfMTTi1,negative
1587913672801759234,https://t.co/BYOBGBHOUA,neutral
1587899771091566595,Advertisers should support:,neutral
1587894226695884800,https://t.co/kGncG7Hs3M,positive
1587877870860484610,Twitter is simply the most interesting place on the Internet. That‚Äôs why you‚Äôre reading this tweet right now.,positive
1587873929443565572,Being attacked by both right &amp; left simultaneously is a good sign,"that you are on the right path

positive"
1587853401014034435,you get what you pay for,neutral
1587631360025542656,Twitter speaks to the inner masochist in all of us,".

negative"
1587627120355934208,"To all complainers, please continue complaining, but it will cost $8",neutral
1587523701452464131,https://t.co/icg6e35LOe,neutral
1587498907336118274,"Twitter‚Äôs current lords &amp; peasants system for who has or doesn‚Äôt have a blue checkmark is bullshit. 

Power to the‚Ä¶ https://t.co/k02ALYVvAu",negative
1587442891894538240,Sonic BOOMS!! https://t.co/6n5OxFc0Dy,positive
1587433105811722240,Falcon Heavy launch in ~30 mins https://t.co/Bluay8q80F,positive
1587297730631696384,üòâ https://t.co/eaIYaDRBnu,positive
1587297137099931649,Halloween with my Mom https://t.co/xOAgNeeiNN,positive
1587129795732770824,"If I had a dollar for every time someone asked me if Trump is coming back on this platform, Twitter would be minting money!",neutral
1586918804780630016,Bring back Vine?,neutral
1586885887341645824,"Wachtell &amp; Twitter board deliberately hid this evidence from the court. Stay tuned, more to come ‚Ä¶ https://t.co/CifaNvtRtt",negative
1586871691686223872,This is fake ‚Äì I did *not* tweet out a link to The New York Times! https://t.co/d6V6m5ATW2,negative
1586680643831836677,"Just received this email from Twitter. This is an actual, real email that was autogenerated ü§£ü§£ https://t.co/7DQp4sNINX",neutral
1586411481574166528,"Finally, the truth that carbs are amazing can be said on this platform! 
#FreeSpeech",positive
1586410852646674432,Fresh baked bread &amp; pastries are some of the great joys of life,positive
1586149451348910081,"To be super clear, we have not yet made any changes to Twitter‚Äôs content moderation policies https://t.co/k4guTsXOIu",neutral
1586108809772089345,Ligma Johnson had it coming üçÜ üí¶ https://t.co/CgjrOV5eM2,neutral
1586104694421659648,Comedy is now legal on Twitter,positive
1586059953311137792,"Twitter will be forming a content moderation council with widely diverse viewpoints. 

No major content decisions o‚Ä¶ https://t.co/GOOTQOLYdq",positive
1585966869122457600,üé∂ let the good times roll üé∂,positive
1585841080431321088,the bird is freed,neutral
1585811291851018241,Falcon rockets to orbit as seen from LA https://t.co/r8L2SbLC3p,neutral
1585619322239561728,Dear Twitter Advertisers https://t.co/GMwHmInPAS,neutral
1585341984679469056,Entering Twitter HQ ‚Äì let that sink in! https://t.co/D68z4K2wq7,positive
1585292083610279936,A beautiful thing about Twitter is how it empowers citizen journalism ‚Äì people are able to disseminate news without an establishment bias,".

positive"
1585282193999265793,"‚ÄúThe New York Times has emerged as a new, chaotic actor in global politics. The paper‚Äôs interventions in some of th‚Ä¶ https://t.co/8tYloh5duT",neutral
1585050236120027137,Works on any moving land object https://t.co/Xu4qKJW4D9,neutral
1584764977457397760,What lesson took you the longest to unlearn?,neutral
1584717774261489665,Œ¥ŒπŒ±ŒªŒµŒ∫œÑŒπŒ∫ŒÆ,"ŒºŒ±œÑŒπŒ¨

neutral"
1584174386998697985,Think about who might have decided ‚ÄúThe Current Thing‚Äù before accepting it,neutral
1584173256415723521,"Who decides ‚ÄúThe Current Thing?‚Äù
Real question. I don‚Äôt know.",neutral
1584157532209090560,Neuralink show &amp; tell now on Nov 30,neutral
1583978878305173505,"i know
|nothing|
is forever",neutral
1583345981906571264,"Only Giga Berlin can make these colors, as paint shop was specially built to apply many fine layers of paint, givin‚Ä¶ https://t.co/Dx702XerCN",positive
1583299870370467840,https://t.co/WqGm6InNTp,negative
1583133885696987136,Congrats to @SpaceX team on 48th launch this year! Falcon 9 now holds record for most launches of a single vehicle type in a year.,positive
1582805523484680192,"I will not let you down, no matter what it takes",".

positive"
1582778449583693836,Vox Populi Vox Dei,neutral
1582576552797081607,Internet in airplanes will feel same as if you were accessing Internet at home! https://t.co/Mfl2ixYnJH,positive
1582547658039623680,"28,700 bottles of exquisite Burnt Hair perfume already sold! 

Only 1,300 left of this unique, limited edition, col‚Ä¶ https://t.co/idQAnlrfs0",positive
1582379931983499264,"Drone War I
https://t.co/erVME0CbbN",neutral
1581986552246603776,Exceptionally well-said https://t.co/UT8fXG0MeF,positive
1581901615552155648,Are there others that want to donate Starlinks to places in need? https://t.co/M0ASMenMRD,positive
1581764872702132224,Deus X Machina,"is the best restaurant in town!

positive"
1581652738768654338,So true https://t.co/PwmxUVU2Fc,positive
1581514716890865664,Fancy a game of meme tennis? https://t.co/d9tqIlg7nB,neutral
1581508126595244032,Did you hear about the dyslexic KBG agent ‚Äì it‚Äôs pot secret!,humorous
1581490395149926404,"Pitching my idea once again for a crossover of Das Boot &amp; Boss Baby.

‚ÄúDas Baby‚Äù ‚Äì Hijinks on the high seas! https://t.co/FieRmSthp2",neutral
1581345747777179651,"The hell with it ‚Ä¶ even though Starlink is still losing money &amp; other companies are getting billions of taxpayer $,‚Ä¶ https://t.co/ZHRWMLxio3",negative
1581026283303362560,Yay!! https://t.co/lviRHDJZRB,positive
1580390454130266112,"20,000!!",positive
1580350143445942272,https://t.co/WLVh5zBiO5,neutral
1580312743563104256,"We might need a different name, as this is basically just Starlink with roaming capability, so you can take your te‚Ä¶ https://t.co/Y2YLtDYTgZ",neutral
1580304724082843648,"Please buy my perfume, so I can buy Twitter","stocks

neutral"
1580056291082280960,"10,000 bottles of Burnt Hair sold!",positive
1579994860802932736,Over 5000 bottles of Burnt Hair sold!,positive
1579974961267060738,https://t.co/WDtHXqgUPx,positive
1579974298156306432,"With a name like mine, getting into the fragrance business was inevitable ‚Äì why did I even fight it for so long!?",positive
1579971705447256064,"The finest fragrance on Earth!
https://t.co/ohjWxNX5ZC https://t.co/0J1lmREOBS",positive
1579938196095655936,Maybe one day we can finally achieve https://t.co/jKBu2wJIDA,neutral
1579934616429158400,https://t.co/Q31B9x4RCH,positive
1579114131155623936,Coming soon from The @BoringCompany https://t.co/cNIbFRRXyt,positive
1579099265401778176,An eye for an eye leaves everyone blind https://t.co/pQztPvR4uI,neutral
1579067179659845633,https://t.co/VvGa39qAyE,positive
1578387441332928513,"In case you missed Tesla AI Day 2022
https://t.co/Sbu0peXpY1",neutral
1578277238465712128,SpaceX Dragon docking with @Space_Station (extended video) https://t.co/AFBDKHddgI,positive
1578170980283076608,Excited to announce start of production of Tesla Semi Truck with deliveries to @Pepsi on Dec 1st! https://t.co/gq0l73iGRW,positive
1578055594573004800,Starlink view of 2nd stage deorbit burn https://t.co/kbLv95bAK7,neutral
1577880686282919937,War is the ultimate Supreme Court,".

negative"
1577831304711774210,"Another batch of Starlinks in orbit, 7 hours after the astronaut launch https://t.co/mQshEY16RP",positive
1577428272056389633,"Buying Twitter is an accelerant to creating X, the everything app",positive